[
  {
    "model": "auth.user",
    "pk": 1,
    "fields": {
      "password": "pbkdf2_sha256$216000$SyQors9UD36T$8QKyNFhNsBX5sglD1M9kX4d2jvWd9alxCVFVqoJs+1c=",
      "last_login": "2021-04-20T16:11:20.708Z",
      "is_superuser": true,
      "username": "ciet_superuser",
      "first_name": "",
      "last_name": "",
      "email": "ciet.help@gmail.com",
      "is_staff": true,
      "is_active": true,
      "date_joined": "2021-04-20T16:11:18.278Z",
      "groups": [],
      "user_permissions": []
    }
  },
  {
    "model": "auth.user",
    "pk": 2,
    "fields": {
      "password": "pbkdf2_sha256$216000$EC67478V3ZJJ$RAbsGmssfhdaHajm5zKJhGKHEnVMA8tFz7Q53a6hMys=",
      "last_login": "2021-06-11T11:01:44.241Z",
      "is_superuser": false,
      "username": "trainer1",
      "first_name": "",
      "last_name": "",
      "email": "",
      "is_staff": false,
      "is_active": true,
      "date_joined": "2021-06-01T17:21:49.131Z",
      "groups": [],
      "user_permissions": []
    }
  },
  {
    "model": "auth.user",
    "pk": 4,
    "fields": {
      "password": "pbkdf2_sha256$216000$IVRc3cXEko3h$sr+YDihSsXhxUUtwlBjYto4AnVbUN+rsCaukpNN9zDk=",
      "last_login": "2021-06-14T08:47:19.076Z",
      "is_superuser": false,
      "username": "learner1",
      "first_name": "",
      "last_name": "",
      "email": "",
      "is_staff": false,
      "is_active": true,
      "date_joined": "2021-06-02T15:21:40.142Z",
      "groups": [],
      "user_permissions": []
    }
  },
  {
    "model": "common_app.organization",
    "pk": 1,
    "fields": {
      "created_at": "2021-06-01T17:23:28.183Z",
      "updated_at": "2021-06-07T16:35:47.356Z",
      "name": "organization 1"
    }
  },
  {
    "model": "common_app.organization",
    "pk": 2,
    "fields": {
      "created_at": "2021-06-01T17:23:28.183Z",
      "updated_at": "2021-06-07T16:35:47.356Z",
      "name": "organization 2"
    }
  },
  {
    "model": "common_app.organization",
    "pk": 3,
    "fields": {
      "created_at": "2021-06-01T17:23:28.183Z",
      "updated_at": "2021-06-07T16:35:47.356Z",
      "name": "organization 3"
    }
  },
  {
    "model": "common_app.trainer_profile",
    "pk": 1,
    "fields": {
      "created_at": "2021-06-01T17:23:28.183Z",
      "updated_at": "2021-06-07T16:35:47.356Z",
      "rol": 2,
      "image": "static/unknown_profile.png",
      "actual_organization_pos": 0,
      "user": 2,
      "organizations": [
        1,
        3
      ]
    }
  },
  {
    "model": "common_app.learner_profile",
    "pk": 2,
    "fields": {
      "created_at": "2021-06-02T15:25:47.211Z",
      "updated_at": "2021-06-11T11:02:28.186Z",
      "rol": 3,
      "image": "static/unknown_profile.png",
      "user": 4,
      "organization": 1,
      "points": 879
    }
  },
  {
    "model": "common_app.phase",
    "pk": 1,
    "fields": {
      "created_at": "2021-06-01T17:23:28.183Z",
      "updated_at": "2021-06-07T16:35:47.356Z",
      "name": "Predisaster"
    }
  },
  {
    "model": "common_app.phase",
    "pk": 2,
    "fields": {
      "created_at": "2021-06-01T17:23:28.183Z",
      "updated_at": "2021-06-07T16:35:47.356Z",
      "name": "Postdisaster"
    }
  },
  {
    "model": "common_app.phase",
    "pk": 3,
    "fields": {
      "created_at": "2021-06-01T17:23:28.183Z",
      "updated_at": "2021-06-07T16:35:47.356Z",
      "name": "Response"
    }
  },
  {
    "model": "common_app.dimension",
    "pk": 1,
    "fields": {
      "created_at": "2021-06-01T17:23:28.183Z",
      "updated_at": "2021-06-07T16:35:47.356Z",
      "name": "Educational"
    }
  },
  {
    "model": "common_app.dimension",
    "pk": 2,
    "fields": {
      "created_at": "2021-06-01T17:23:28.183Z",
      "updated_at": "2021-06-07T16:35:47.356Z",
      "name": "Social"
    }
  },
  {
    "model": "common_app.dimension",
    "pk": 3,
    "fields": {
      "created_at": "2021-06-01T17:23:28.183Z",
      "updated_at": "2021-06-07T16:35:47.356Z",
      "name": "Technique"
    }
  },
  {
    "model": "common_app.dimension",
    "pk": 4,
    "fields": {
      "created_at": "2021-06-01T17:23:28.183Z",
      "updated_at": "2021-06-07T16:35:47.356Z",
      "name": "Legal and institutional"
    }
  },
  {
    "model": "common_app.dimension",
    "pk": 5,
    "fields": {
      "created_at": "2021-06-01T17:23:28.183Z",
      "updated_at": "2021-06-07T16:35:47.356Z",
      "name": "Economic"
    }
  },{
    "model": "common_app.activity",
    "pk": 2,
    "fields": {
      "created_at": "2021-06-01T17:23:28.183Z",
      "updated_at": "2021-06-07T16:35:47.356Z",
      "name": "Types of Emergencies",
      
      "dimension": 1,
      "phase": 1
    }
  },
  {
    "model": "common_app.activity",
    "pk": 3,
    "fields": {
      "created_at": "2021-06-01T17:23:28.183Z",
      "updated_at": "2021-06-07T16:35:47.356Z",
      "name": "Emergency plan",
      
      "dimension": 1,
      "phase": 1
    }
  },
  {
    "model": "common_app.activity",
    "pk": 4,
    "fields": {
      "created_at": "2021-06-01T17:23:28.183Z",
      "updated_at": "2021-06-07T16:35:47.356Z",
      "name": "Crisis detection",
      
      "dimension": 1,
      "phase": 1
    }
  },
  {
    "model": "common_app.activity",
    "pk": 5,
    "fields": {
      "created_at": "2021-06-01T17:23:28.183Z",
      "updated_at": "2021-06-07T16:35:47.356Z",
      "name": "Crisis alert",
      
      "dimension": 1,
      "phase": 1
    }
  },
  {
    "model": "common_app.activity",
    "pk": 6,
    "fields": {
      "created_at": "2021-06-01T17:23:28.183Z",
      "updated_at": "2021-06-07T16:35:47.356Z",
      "name": "Evacuation routes",
      
      "dimension": 1,
      "phase": 3
    }
  },
  {
    "model": "common_app.activity",
    "pk": 7,
    "fields": {
      "created_at": "2021-06-01T17:23:28.183Z",
      "updated_at": "2021-06-07T16:35:47.356Z",
      "name": "Signs",
      
      "dimension": 1,
      "phase": 3
    }
  },
  {
    "model": "common_app.activity",
    "pk": 8,
    "fields": {
      "created_at": "2021-06-01T17:23:28.183Z",
      "updated_at": "2021-06-07T16:35:47.356Z",
      "name": "First aid",
      
      "dimension": 1,
      "phase": 3
    }
  },
  {
    "model": "common_app.activity",
    "pk": 9,
    "fields": {
      "created_at": "2021-06-01T17:23:28.183Z",
      "updated_at": "2021-06-07T16:35:47.356Z",
      "name": "Psychological support for victims",
      
      "dimension": 2,
      "phase": 2
    }
  },
  {
    "model": "common_app.activity",
    "pk": 10,
    "fields": {
      "created_at": "2021-06-01T17:23:28.183Z",
      "updated_at": "2021-06-07T16:35:47.356Z",
      "name": "Resilience",
      
      "dimension": 2,
      "phase": 2
    }
  },
  {
    "model": "common_app.activity",
    "pk": 11,
    "fields": {
      "created_at": "2021-06-01T17:23:28.183Z",
      "updated_at": "2021-06-07T16:35:47.356Z",
      "name": "Means of Protection",
      
      "dimension": 3,
      "phase": 1
    }
  },
  {
    "model": "common_app.activity",
    "pk": 12,
    "fields": {
      "created_at": "2021-06-01T17:23:28.183Z",
      "updated_at": "2021-06-07T16:35:47.356Z",
      "name": "Building Structures",
      
      "dimension": 3,
      "phase": 1
    }
  },
  {
    "model": "common_app.activity",
    "pk": 13,
    "fields": {
      "created_at": "2021-06-01T17:23:28.183Z",
      "updated_at": "2021-06-07T16:35:47.356Z",
      "name": "Risk analysis",
      
      "dimension": 3,
      "phase": 1
    }
  },
  {
    "model": "common_app.activity",
    "pk": 14,
    "fields": {
      "created_at": "2021-06-01T17:23:28.183Z",
      "updated_at": "2021-06-07T16:35:47.356Z",
      "name": "Fire extinguishers",
      
      "dimension": 3,
      "phase": 3
    }
  },
  {
    "model": "common_app.activity",
    "pk": 15,
    "fields": {
      "created_at": "2021-06-01T17:23:28.183Z",
      "updated_at": "2021-06-07T16:35:47.356Z",
      "name": "Communication equipment",
      
      "dimension": 3,
      "phase": 3
    }
  },
  {
    "model": "common_app.activity",
    "pk": 16,
    "fields": {
      "created_at": "2021-06-01T17:23:28.183Z",
      "updated_at": "2021-06-07T16:35:47.356Z",
      "name": "Rescue Operations",
      
      "dimension": 3,
      "phase": 3
    }
  },
  {
    "model": "common_app.activity",
    "pk": 17,
    "fields": {
      "created_at": "2021-06-01T17:23:28.183Z",
      "updated_at": "2021-06-07T16:35:47.356Z",
      "name": "Identification of Risks",
      
      "dimension": 3,
      "phase": 2
    }
  },
  {
    "model": "common_app.activity",
    "pk": 18,
    "fields": {
      "created_at": "2021-06-01T17:23:28.183Z",
      "updated_at": "2021-06-07T16:35:47.356Z",
      "name": "Current Legal Regulations",
      
      "dimension": 4,
      "phase": 1
    }
  },
  {
    "model": "common_app.activity",
    "pk": 19,
    "fields": {
      "created_at": "2021-06-01T17:23:28.183Z",
      "updated_at": "2021-06-07T16:35:47.356Z",
      "name": "Analysis of damage costs",
      
      "dimension": 5,
      "phase": 2
    }
  },
  {
    "model": "common_app.activity",
    "pk": 20,
    "fields": {
      "created_at": "2021-06-01T17:23:28.183Z",
      "updated_at": "2021-06-07T16:35:47.356Z",
      "name": "Probability of investmentin prevention",
      
      "dimension": 5,
      "phase": 2
    }
  },
  {
    "model": "common_app.stakeholders",
    "pk": 1,
    "fields": {
      "created_at": "2021-06-01T17:23:28.183Z",
      "updated_at": "2021-06-07T16:35:47.356Z",
      "name": "Organization",
      "isTrainer": true,
      "isLearner": true
    }
  },
  {
    "model": "common_app.stakeholders",
    "pk": 2,
    "fields": {
      "created_at": "2021-06-01T17:23:28.183Z",
      "updated_at": "2021-06-07T16:35:47.356Z",
      "name": "Planner",
      "isTrainer": true,
      "isLearner": true
    }
  },
  {
    "model": "common_app.stakeholders",
    "pk": 3,
    "fields": {
      "created_at": "2021-06-01T17:23:28.183Z",
      "updated_at": "2021-06-07T16:35:47.356Z",
      "name": "Worker",
      "isTrainer": false,
      "isLearner": true
    }
  },
  {
    "model": "common_app.stakeholders",
    "pk": 4,
    "fields": {
      "created_at": "2021-06-01T17:23:28.183Z",
      "updated_at": "2021-06-07T16:35:47.356Z",
      "name": "Citizen",
      "isTrainer": false,
      "isLearner": true
    }
  },
  {
    "model": "common_app.stakeholders",
    "pk": 5,
    "fields": {
      "created_at": "2021-06-01T17:23:28.183Z",
      "updated_at": "2021-06-07T16:35:47.356Z",
      "name": "Responder",
      "isTrainer": true,
      "isLearner": true
    }
  },
  {
    "model": "common_app.stakeholders",
    "pk": 6,
    "fields": {
      "created_at": "2021-06-01T17:23:28.183Z",
      "updated_at": "2021-06-07T16:35:47.356Z",
      "name": "Expert Trainer",
      "isTrainer": true,
      "isLearner": false
    }
  },
  {
    "model": "common_app.objective",
    "pk": 1,
    "fields": {
      "created_at": "2021-06-14T09:29:52.352Z",
      "updated_at": "2021-06-14T09:29:52.352Z",
      "name": "Riesgos",
      "activities": [
        2,
        17
      ]
    }
  },
  {
    "model": "common_app.objective",
    "pk": 2,
    "fields": {
      "created_at": "2021-06-14T09:30:43.365Z",
      "updated_at": "2021-06-14T09:30:43.365Z",
      "name": "Plan de emergencias",
      "activities": [
        3,
        17
      ]
    }
  },
  {
    "model": "common_app.objective",
    "pk": 3,
    "fields": {
      "created_at": "2021-06-14T09:35:06.516Z",
      "updated_at": "2021-06-14T09:35:06.516Z",
      "name": "Presupuestos",
      "activities": [
        2,
        17,
        19
      ]
    }
  },
  {
    "model": "common_app.objective",
    "pk": 4,
    "fields": {
      "created_at": "2021-06-14T09:35:39.372Z",
      "updated_at": "2021-06-14T09:35:39.372Z",
      "name": "Riesgos y estructuras",
      "activities": [
        12
      ]
    }
  },
  {
    "model": "common_app.objective",
    "pk": 5,
    "fields": {
      "created_at": "2021-06-14T09:36:41.275Z",
      "updated_at": "2021-06-14T09:36:41.275Z",
      "name": "Regulaciones Legales",
      "activities": [
        14,
        18
      ]
    }
  },
  {
    "model": "common_app.objective",
    "pk": 6,
    "fields": {
      "created_at": "2021-06-14T09:37:33.554Z",
      "updated_at": "2021-06-14T09:37:33.554Z",
      "name": "Rutas de Emergencia",
      "activities": [
        7,
        17
      ]
    }
  },
  {
    "model": "common_app.objective",
    "pk": 7,
    "fields": {
      "created_at": "2021-06-14T09:38:16.408Z",
      "updated_at": "2021-06-14T09:38:16.408Z",
      "name": "Elaboraci¾n Plan de Emergencia",
      "activities": [
        18
      ]
    }
  },
  {
    "model": "common_app.objective",
    "pk": 8,
    "fields": {
      "created_at": "2021-06-14T09:39:48.891Z",
      "updated_at": "2021-06-14T09:39:48.891Z",
      "name": "Involucrados",
      "activities": [
        6,
        15
      ]
    }
  },
  {
    "model": "common_app.objective",
    "pk": 9,
    "fields": {
      "created_at": "2021-06-14T09:41:35.536Z",
      "updated_at": "2021-06-14T09:41:35.536Z",
      "name": "Implantaci¾n Plan Emergencia",
      "activities": [
        11,
        15,
        16
      ]
    }
  },
  {
    "model": "common_app.objective",
    "pk": 10,
    "fields": {
      "created_at": "2021-06-14T09:42:08.647Z",
      "updated_at": "2021-06-14T09:42:08.647Z",
      "name": "Estructuras de Edificios",
      "activities": [
        12
      ]
    }
  },
  {
    "model": "common_app.objective",
    "pk": 11,
    "fields": {
      "created_at": "2021-06-14T09:53:47.002Z",
      "updated_at": "2021-06-14T09:53:47.002Z",
      "name": "Plan Emergencia: Socializaci¾n",
      "activities": [
        9
      ]
    }
  },
  {
    "model": "common_app.objective",
    "pk": 12,
    "fields": {
      "created_at": "2021-06-14T09:54:29.505Z",
      "updated_at": "2021-06-14T09:54:29.505Z",
      "name": "Plan de Emergencia: Formaci¾n",
      "activities": [
        15
      ]
    }
  },
  {
    "model": "common_app.objective",
    "pk": 13,
    "fields": {
      "created_at": "2021-06-14T09:55:03.544Z",
      "updated_at": "2021-06-14T09:55:03.544Z",
      "name": "Plan Emergencias: Elaboraci¾n",
      "activities": [
        3
      ]
    }
  },
  {
    "model": "common_app.objective",
    "pk": 14,
    "fields": {
      "created_at": "2021-06-14T09:55:42.197Z",
      "updated_at": "2021-06-14T09:55:42.197Z",
      "name": "Plan Emergencia: Mantenimiento",
      "activities": [
        4
      ]
    }
  },
  {
    "model": "common_app.objective",
    "pk": 15,
    "fields": {
      "created_at": "2021-06-14T09:56:16.277Z",
      "updated_at": "2021-06-14T09:56:16.277Z",
      "name": "Plan Emergencia: Planificaci¾n",
      "activities": [
        10,
        11
      ]
    }
  },
  {
    "model": "common_app.objective",
    "pk": 16,
    "fields": {
      "created_at": "2021-06-14T09:56:52.568Z",
      "updated_at": "2021-06-14T09:56:52.568Z",
      "name": "Simulacros",
      "activities": [
        16
      ]
    }
  },
  {
    "model": "common_app.objective",
    "pk": 17,
    "fields": {
      "created_at": "2021-06-14T09:57:36.804Z",
      "updated_at": "2021-06-14T09:57:36.804Z",
      "name": "Recursos: Mantenimiento",
      "activities": [
        9,
        19
      ]
    }
  },
  {
    "model": "common_app.objective",
    "pk": 18,
    "fields": {
      "created_at": "2021-06-14T09:58:37.230Z",
      "updated_at": "2021-06-14T09:58:37.230Z",
      "name": "Plan Emergencia: Implementaci¾",
      "activities": [
        2
      ]
    }
  },
  {
    "model": "common_app.objective",
    "pk": 19,
    "fields": {
      "created_at": "2021-06-14T09:59:05.073Z",
      "updated_at": "2021-06-14T09:59:05.073Z",
      "name": "Recursos",
      "activities": [
        4
      ]
    }
  },
  {
    "model": "common_app.objective",
    "pk": 20,
    "fields": {
      "created_at": "2021-06-14T09:59:29.371Z",
      "updated_at": "2021-06-14T09:59:29.371Z",
      "name": "Cooperaci¾n organizacional",
      "activities": [
        4,
        9,
        10,
        16
      ]
    }
  },
  {
    "model": "common_app.objective",
    "pk": 21,
    "fields": {
      "created_at": "2021-06-14T09:59:52.742Z",
      "updated_at": "2021-06-14T09:59:52.742Z",
      "name": "Comunicaci¾n",
      "activities": [
        9,
        15
      ]
    }
  },
  {
    "model": "common_app.objective",
    "pk": 22,
    "fields": {
      "created_at": "2021-06-14T10:00:58.998Z",
      "updated_at": "2021-06-14T10:00:58.998Z",
      "name": "Plan Emergencia: Entrenamiento",
      "activities": [
        3,
        10,
        11
      ]
    }
  },
  {
    "model": "common_app.objective",
    "pk": 23,
    "fields": {
      "created_at": "2021-06-14T10:01:55.301Z",
      "updated_at": "2021-06-14T10:01:55.301Z",
      "name": "Herramientas de Soporte",
      "activities": [
        2,
        3,
        5,
        8,
        20
      ]
    }
  },
  {
    "model": "common_app.objective",
    "pk": 24,
    "fields": {
      "created_at": "2021-06-14T10:02:32.195Z",
      "updated_at": "2021-06-14T10:02:32.195Z",
      "name": "Post Desastre",
      "activities": [
        13,
        15,
        16
      ]
    }
  },
  {
    "model": "common_app.objective",
    "pk": 25,
    "fields": {
      "created_at": "2021-06-14T10:03:27.390Z",
      "updated_at": "2021-06-14T10:03:27.390Z",
      "name": "Recurso: Sistemas de detecci¾n",
      "activities": [
        19,
        20
      ]
    }
  }
]
    